title,link,contents
,https://n.news.naver.com/mnews/article/277/0005243147?sid=101,김주현 금융위원회 위원장이 10일 서울 마포구 프론트원에서 열린 '벤처기업 금융지원 간담회'에 참석하고 있다.
,https://n.news.naver.com/mnews/article/119/0002701055?sid=101,"4월부터 6월말까지 각 지자체 선정 가구에 순차적 공급 진행무풍에어컨 벽걸이 와이드로 여름철 주거 환경 개선 기대    삼성전자 모델이 서울 논현동에 위치한 삼성스토어 청담점에서 냉방 지원기기 보급 사업자로 선정돼 공급하게 되는 비스포크 무풍에어컨 벽걸이 와이드 제품을 소개하고 있다.ⓒ삼성전자[데일리안 = 임채현 기자] 삼성전자는 에너지 취약계층을 대상으로 하는 '2023년 저소득층 에너지효율개선사업'에 참여해 냉방 지원기기 보급 사업자로 지난해에 이어 2년 연속 선정됐다고 10일 밝혔다.이 사업은 에너지 취약계층의 주거 환경을 개선하기 위해 산업통상자원부 산하 한국에너지재단이 추진한다.삼성전자는 '비스포크 무풍에어컨 벽걸이 와이드' 제품을 각 지자체에서 정한 1만3640가구에 6월 말까지 순차적으로 공급할 예정이다.비스포크 무풍에어컨 벽걸이 와이드는 무풍 모드 사용시 MAX 냉방 대비 최대 77%까지 소비전력을 절감할 수 있으며, AI 절약 모드를 활용하면 에너지 사용량을 추가로 절감할 수 있어 전기 요금 부담을 덜어준다.한여름 폭염에도 '패스트 쿨링'으로 실내 온도를 빠르게 낮춰줄 수 있고 직바람 걱정 없는 '와이드 무풍 냉방'은 장시간 쾌적함을 유지하도록 돕는다.플랫 디자인으로 공간에 자연스럽게 어우러지는 비스포크 무풍에어컨 벽걸이 와이드는 온도와 운전 모드를 자동으로 조정하는 열대야 쾌면 기능을 지원하며, 전문가의 도움 없이도 내부까지 직접 관리 할 수 있는 이지케어 5단계로 위생 관리도 간편하다.오치오 삼성전자 한국총괄 부사장은 ""올봄 평균기온이 평년을 웃도는 등 여름철 무더위가 예상되는 가운데 에너지 취약계층에 무풍 벽걸이에어컨을 공급하게 됐다""며 ""이번 사업을 통해 에너지 취약 계층의 주거 환경을 개선하는 데 도움이 되기를 바란다""고 말했다."
,https://n.news.naver.com/mnews/article/009/0005114052?sid=101,"시몬스(대표 안정호)가 침대업계 최초로 ‘애플페이’를 도입했다고 10일밝혔다.시몬스 침대는 애플페이의 국내 상륙에 발맞춰 전국 시몬스 갤러리와 시몬스 맨션 그리고 온라인 자사 몰에서 애플페이 결제 서비스를 실시한다.애플페이는 NFC(근거리 무선통신) 기반으로 아이폰과 애플워치 등 애플 기기 사용 고객이 실물 카드 없이 결제할 수 있도록 지원하는 비접촉식 간편결제 서비스다.아이폰 측면 버튼(터치 ID 기기의 경우 홈 버튼)을 두 번 누른 뒤 NFC 결제 단말기 근처에 가까이 대면 끝이다. 결제하는데 1초면 충분하다.이번 애플페이 도입 후 통해 소비자는 시몬스 침대를 더욱 쉽고 편리하게 구매할 수 있게 됐다.애플페이 사용을 위해선 우선 아이폰에서 지갑 앱을 열어 ‘카드 추가(+)’를 한 뒤 애플페이를 지원하는 신용·체크카드를 등록하면 된다. 아이폰 외 애플워치나 아이패드, 맥에 등록해도 애플페이를 바로 이용할 수 있다.온라인 결제 역시 별도의 계정 생성, 비밀번호 입력, 정보 기입 필요 없이 간편하게 이용할 수 있다.시몬스는 애플페이 외에도 36개월 무이자 할부 프로그램 ‘시몬스페이’를 비롯해 ‘네이버페이‘, ‘삼성페이’, ‘카카오페이(자사 온라인몰)’ 등 다양한 간편결제 서비스를 제공하며 소비자 편의성을 높이고 있다."
,https://n.news.naver.com/mnews/article/366/0000892216?sid=101,"1990년대 티피코시 TV 광고 이미지. /LF        1990년대 X세대(1970~1980년대 초반 출생)에게 선풍적인 인기를 끌었던 패션 브랜드 ‘티피코시’가 돌아온다.생활문화기업 LF는 티피코시를 오는 17일 재출시한다고 10일 밝혔다.LF의 전신인 반도패션(LG패션)이 만든 티피코시는 당시 서태지와 아이들을 모델로 기용할 만큼 트렌드를 선도한 브랜드였다. 김건모, 삐삐밴드 등 유명 가수가 출연하는 텔레비전 광고를 선보였고, 드라마 ‘응답하라 1994′에서도 커플 티셔츠로 등장했다.X세대의 개성과 취향을 반영한 패션 제품으로 전국에 210여 개 매장을 운영하며 성장했지만, 외환위기를 겪으며 규모가 축소됐고 2008년 브랜드를 철수했다.LF는 티피코시를 유니섹스 캐주얼 브랜드로 재출시하기로 하고, 오는 16일까지 이벤트를 진행한다.LF몰 이벤트 페이지에 티피코시와 함께했던 추억을 댓글로 남기거나 공식 인스타그램에 소장하고 있는 티피코시 제품 사진을 올리면 추첨을 통해 가방을 증정한다.LF 관계자는 “티피코시는 기성세대에는 향수를, 새로움을 갈망하는 Z세대(1990년대 중반에서 2000년대 초반 사이 태어난 세대)에게는 호기심과 독특한 경험을 제공하기 브랜드 감성을 새롭게 재해석한 제품들을 준비하고 있다”고 말했다."
,https://n.news.naver.com/mnews/article/014/0004994289?sid=101,"제주항공 항공기. 제주항공 제공[파이낸셜뉴스] 제주항공이 인도네시아 마나도와 바탐에 관광 목적의 전세기를 운항한다. 해당 노선 전세기 운항은 제주항공 설립 후 처음이다.   10일 관련 업계에 따르면 제주항공은 다음달 18일 인천~마나도, 19일 인천~바탐 노선에 각 왕복 1회 일정으로 전세기를 띄운다.   인도네시아 북부 술라웨시주의 주도인 마나도는 국적항공사 중 제주항공이 최초로 운항하는 노선이다. 바탐은 인도네시아 북부 리아우 제도에 속한 섬으로 연중 날씨가 온화하며 세계 100대 골프 코스로 꼽히는 골프장들이 있다.   이번 운항은 올해 하반기 신조기(B737-8) 도입을 통해 향후 운항 노선을 인도네시아까지 확대하겠다는 제주항공의 의지가 담겨 있다.   제주항공 관계자는 ""B737-8을 활용한 신규 노선 개발을 위해 지난해 9월 인도네시아 북술라웨시주와 ‘양국간 경제, 문화, 관광 교류 활성화를 위한 협약’을 진행했다""며 ""올해 1월에는 인도네시아 진입을 위한 발판을 만들기 위해 현지 국영 기업 ‘인도네시아 제1공항공사’와도 협력사업 발굴을 위한 업무협약(MOU)를 체결했다""고 말했다."
,https://n.news.naver.com/mnews/article/018/0005460020?sid=101,"이정식 고용노동부 장관, 노동개혁 추진 점검 회의“불법 노조에 대해서는 끝까지 법에 따라 엄정 조치”“노사 부조리 신고센터, 노동약자 권리 보장 위해 활성화”[이데일리 최정훈 기자] 이정식 고용노동부 장관이 “근로시간 제도 개편과 관련한 국민의 우려를 해소하기 위해서는 무엇보다 현장, 그리고 국민과의 소통이 중요하다”며 국민의 의견을 제도 보완의 토대가 되도록 하겠다고 강조했다.    이정식 고용노동부 장관(오른쪽 두번째)이 10일 오전 세종시 정부세종청사에서 열린 노동개혁 추진 점검회의에서 발언하고 있다.(사진=연합뉴스)이정식 고용노동부 장관은 10일 정부세종청사에서 노동개혁 추진 점검 회의를 “올해 1월부터 포괄임금 오남용이 강하게 의심되는 사업장을 선정해 역대 최초의 기획감독을 하고 있고, 지난 두 달여간 ‘온라인 부조리 신고센터’를 통해 접수된 포괄임금 오남용이 의심되는 87개 사업장에 대해서도 5월 말까지 집중적으로 기획감독을 실시한다”고 전했다.이 장관은 이어 “또 하반기에는 포괄임금 오남용이 많이 제기되는 IT·사무직 등에 대해 직종별 타깃 감독에 들어가며, 장시간근로에 대한 감독 또한 강화하겠다”고 덧붙였다.이 장관은 “근로시간 제도 개편과 관련한 국민의 우려를 해소하기 위해서는 무엇보다 현장, 그리고 국민과의 소통이 중요하다.”며 “저는 이틀에 한번 꼴로 다양한 분들을 만나 현장의 생생한 의견을 듣고 있다”고 설명했다.그러면서 이 장관은 “지방관서장들도 현장 의견을 적극적으로 청취하고, 소중한 의견들을 모아주시길 바란다”며 “앞으로의 제도 보완은 국민의 의견이 토대가 되어야 한다. 설문조사·FGI 등도 조속히 실시하겠다”고 강조했다.이 장관은 회계 관련 서류를 제출하지 않은 노조에 대한 강경 대응 방침도 강조했다. 그는 “146개 노동조합이 추가로 점검결과를 제출해 지난주까지 총 83.6%가 제출했다”며 “그러나 여전히 제출하지 않은 52개 노조(16.4%)에 대해 지난 7일부터 과태료 부과에 착수했다. 다음 주부터는 현장 행정조사도 실시할 예정”이라고 말했다.이 장관은 이어 “법을 지키지 않고 국민의 불신을 초래하는 노조에 대해서는 끝까지 법에 따라 엄정하게 조치하는 한편, 이와 관련한 국회의 노조법 개정 논의도 적극 지원하겠다”고 덧붙였다.이 장관은 노동약자의 권리를 보장하기 위한 노사부조리 신고센터의 활성화도 주문했다. 그는 “지난 1월부터 운영 중인 노사부조리 신고센터 접수건수는 어느덧 500건을 넘어섰다”며 “신고센터는 그간 사업장과 노동조합 내부에서 은밀하게 이뤄져 온 각종 불법과 부당행위를 발본색원하겠다는 의미도 있지만, 자기 목소리를 내기 힘든 미조직 노동자, 취약계층 등 노동시장 약자의‘신문고’로 자리매김해야 한다”고 강조했다.이 장관은 산재 사망사고를 줄이기 위한 위험성 평가 안착도 주문했다. 그는 “올해 1분기 사고사망자수는 127명으로 전년 대비 감소했으나, 최근들어 날씨가 풀리면서 건설현장 등을 중심으로 사고가 늘어나고 있다”며 “지방 관서에서는 노사가 함께 사업장 내 유해·위험요인을 파악해 개선대책을 수립·이행하는 제도인 ‘위험성평가’ 안착에 총력을 기울여, 산업현장에서 기본적인 안전수칙이 지켜질 수 있도록 노력해주시기 바란다”고 당부했다.아울러 이 장관은 “대통령께서도 여러 번 강조하신 것처럼, 노동개혁의 궁극적 목표는 양질의 일자리 창출에 있다”며 “이를 위해 노사 법치주의 확립, 노동규범의 현대화 등 제도와 관행을 혁신함과 동시에, 성별·세대를 가리지 않고 노동시장 참여를 촉진하고 노동시장 약자에게는 더 나은 일자리를 제공하는 일자리 대책이 정교하게 설계되고 실행돼야 한다”고 말했다."
,https://n.news.naver.com/mnews/article/015/0004830573?sid=101,"1990년대 당시 티피코시 광고. 사진=LF 제공1990년대 X세대에서 선풍적인 인기를 끌었던 패션 브랜드 '티피코시'가 다시 돌아온다.패션기업 LF는 티피코시를 오는 17일 재출시한다고 밝혔다. LF의 전신인 반도패션(LG패션)이 만든 티피코시는 당시 패션업계에서는 이례적으로 서태지와 아이들을 모델로 기용할 만큼 트렌드를 선도한 브랜드였다. 김건모, 삐삐밴드 등 유명 가수가 출연하는 텔레비전 광고를 선보였으며 드라마 '응답하라 1994'에서도 추억을 돋우는 패션 아이템으로 등장했다.한때 전국 210여개 매장을 운영할 정도로 성장했지만 외환위기를 겪으며 규모가 축소됐다. 2008년에는 브랜드를 철수했다.    재출시를 알리는 티피코시 광고 이미지. 사진=LF 제공1990∼2000년대 초반을 풍미했던 이른바 ‘Y2K 패션’인 복고 브랜드는 기성세대에게는 추억과 향수를 불러일으키고, Z세대에게는 참신하고 새로운 스타일로 인식되고 있다. 최근 챔피온, 리(LEE) 등 1990년대 추억의 브랜드들이 재출시되고 있다. 특히 데님 브랜드 리(LEE)는 16년 만에 국내에 다시 론칭하자마자 무신사 판매 랭킹 10위 안에 들어갔고 최근에는 홍대에 플래그십 스토어를 열기도 했다. 보이 런던, 트루 릴리전 등도 인기 대열에 합류하고 있다.LF 관계자는 ""오리지널 브랜드 감성을 새롭게 재해석한 제품들을 준비하고 있다""고 말했다."
,https://n.news.naver.com/mnews/article/119/0002701052?sid=101,"이환주 대표이사 사장(왼쪽 첫 번째)이 10일 서울 역삼동 KB라이프타워 앞에서 임직원들과 함께 출범 100일 기념사진을 촬영하고 있다.ⓒKB라이프생명[데일리안 = 김재은 기자] KB라이프생명이 출범 100일을 맞아 임직원을 대상으로 서울 역삼동 본사인 KB라이프타워 앞에서 100일 축하 커피차 이벤트를 진행했다고 10일 밝혔다.이 이벤트는 KB라이프의 임직원과 KB라이프파트너스 라이프파트너(LP)들을 노고에 대한 격려와 응원의 메시지를 전달하기 위해 마련됐다.이날 이환주 KB라이프 대표이사 사장은 임직원들에게 직접 커피와 100일 기념 떡, 쿠키, 마카롱 등을 나눠주며 임직원들과 소통하는 시간을 가졌다. 건의사항을 직접 청취하기 위해 소통 참여 이벤트를 운영, 모바일 질문지를 통해 회사에 바라는 점이나 의견도 자유롭게 제안하는 분위기를 조성했다.이와 함께 KB금융그룹의 스타프렌즈 대표 캐릭터인 ‘키키’와 ‘비비’도 KB라이프생명의 100일을 축하하기 위해 KB라이프타워에 방문해 직원들과 함께 기념 사진을 찍으며 활기찬 분위기를 더했다.이환주 대표이사 사장은 “출범 100일을 맞이해 KB라이프, KB라이프파트너스 모든 직원 및 LP분들의 열정과 노고에 진심으로 감사드린다”며 “앞으로도 솔선수범해 임직원분들과 함께 꿈을 향한 동행을 이어 나갈 것”이라고 덧붙였다."
,https://n.news.naver.com/mnews/article/001/0013869760?sid=101,"산림청, 100억 규모 임산물 유통·가공 시설 지원 사업 공모[산림청 제공. 재판매 및 DB 금지](대전=연합뉴스) 김준호 기자 = 산림청은 단기소득 임산물의 유통·가공 분야 시설 구축 등을 지원하는 공모사업을 추진한다고 10일 밝혔다.    이번 공모는 산지종합유통센터(40억원), 가공산업 활성화(20억원), 임산물 협력 단지(20억원), 100대 명산·지리적표시 등록 임산물 명품화(20억원) 등 4개 사업으로 구분해 진행된다.    단기소득 임산물은 밤·호두·대추 등 수실류와 오미자 등 약용식물, 더덕·고사리 등 산나물, 버섯류, 조경재 등을 뜻한다.    오는 11일부터 6월 16일까지 사업대상지가 있는 시·군·구 산림 부서에 사업계획서 등 공모서류를 내면 된다.    심상택 산림산업정책국장은 ""공모사업자로 최종 선정된 생산자단체나 기초자치단체는 사업비를 받아 유통·가공 기반 시설을 갖추게 된다""며 ""이를 활용해 임산물 가공·판매 경쟁력을 갖춰 더욱 높은 소득을 올릴 수 있을 것""이라고 말했다.    kjunho@yna.co.kr"
,https://n.news.naver.com/mnews/article/277/0005243144?sid=101,김주현 금융위원회 위원장이 10일 서울 마포구 프론트원에서 열린 '벤처기업 금융지원 간담회'에 참석해 모두발언 하고 있다.
,https://n.news.naver.com/mnews/article/028/0002635083?sid=101,"직방 앱 이용자 설문 결과 응답자 41.5% “지금이 바닥”    서울 마포구 일대 아파트단지. 김명진 기자 littleprince@hani.co.kr  부동산 거래에 관심있는 소비자 10명 가운데 거의 6명은 현재 집값이 아직 바닥이 아니라고 인식하는 것으로 나타났다.부동산 거래 플랫폼 ‘직방’은 지난달 15일부터 29일까지 자사 애플리케이션 이용자를 대상으로 모바일 설문을 진행한 결과 응답자 1931명 중 58.5%가 집값이 지금보다 더 하락할 것으로 내다봤다고 10일 밝혔다. 이와 반대로 집값이 현재 바닥이고, 곧 오르거나 보합이 될 것으로 답한 응답자는 41.5%였다. 이들 중 곧 상승할 것으로 예상한 응답자는 14.9%, 보합이 될 것이라는 의견은 26.6%였다.집값이 더 하락할 것으로 답한 응답자는 그 이유로 ‘최근 1~2년 내 올랐던 가격 상승분이 덜 하락해서’(24.4%)를 가장 많이 꼽았다. 또 ‘전반적으로 경기가 안 좋아서’(22.7%), ‘미분양 적체, 분양시장 저조 등의 분위기 영향’(21.5%), ‘금리가 계속 오를 것 같아서’(19.6%), ‘매수보다 매도 움직임이 더 많아서’(10.1%) 차례로 응답이 많았다.반면 집값 상승을 예상한 응답자 중에선 그 이유로 ‘급매물 거래가 늘고 매물이 소진돼서’(28.1%)를 가장 많이 꼽았다. 보합 전망자 중에서는 ‘향후 금리 변동에 따른 관망세가 커져서’(40.1%)라는 이유가 다수였다.집값 하락이나 보합을 예상한 응답자에게 집값 반등 예상 시기를 물은 결과 절반 가까이는 2025년 이후(44.7%)로 내다봤다. 내년은 33.9%였고 올해 4분기 13.6%, 올해 3분기 5.8%, 올해 2분기는 2.0%에 그쳤다. 직방은 “응답자 10명 중 6명은 아직 집값이 더 내려갈 것으로 예상해 최근 시장흐름이 상승으로 이어질 것이란 기대는 크지 않은 것으로 보인다”면서 “내집 마련을 계획한 수요자라면 시장흐름과 함께 관심있는 지역의 매물 동향도 살펴봐야 한다”고 밝혔다."
,https://n.news.naver.com/mnews/article/277/0005243143?sid=101,김주현 금융위원회 위원장이 10일 서울 마포구 프론트원에서 열린 '벤처기업 금융지원 간담회'에 참석하고 있다.
,https://n.news.naver.com/mnews/article/030/0003090013?sid=101,"코나아이는 울산광역시 울산사랑상품권 플랫폼 운영대행 입찰에서 우선협상대상자로 선정됐다고 10일 밝혔다.정식 계약이 체결되면 코나아이는 2025년까지 향후 2년간 울산광역시 '울산페이' 사업을 운영하게 된다. 울산페이는 2019년부터 발행된 지역화폐로 누적 발행액이 1조2000억원 이상 발행되면서 지역 골목상권 회복과 소상공인 매출 증대 역할을 톡톡히 하고 있다.이번 입찰에서는 정량평가(기술인력 보유현황 및 수행실적)와 정성평가(사업의 이해도 및 수행계획의 충실성, 제안사 수행 역량, 플랫폼의 우월성, 편의성 및 유용성, 추가 제안) 항목으로 평가를 진행했고, 그 결과 우선협상대상자로 코나아이가 1순위로 선정됐다.코나아이는 향후 하나의 울산페이 애플리케이션(앱)을 통해 카드 신청, 충전, 이용 명세 확인 등 일원화된 결제 서비스를 제공하고 지역 특성에 맞는 다양한 부가 서비스를 연계해 플랫폼 운영 효율과 사용자 편의성을 향상해 나갈 계획이다.또 울산페이 앱 내에서 택시를 호출하고 울산페이로 결제까지 할 수 있는 지역상생 '택시 호출 서비스', 위 변조가 불가능한 블록체인 기반의 '투표, 설문조사 서비스'도 구현한다.조정일 코나아이 대표는 “이번 선정은 국내 최초로 카드형 지역화폐 플랫폼을 개발해 지역화폐 활성화에 앞장서 온 코나아이의 우수한 기술력과 확장성을 객관적으로 인정받은 결과”라면서 “다양한 부가 서비스를 울산사랑상품권 플랫폼 울산페이에 도입해 고도화를 추진하고, 향후 울산페이가 울산시와 시민 그리고 소상공인을 잇는 진정한 지역 커뮤니티 플랫폼으로 발전해 나갈 것”이라고 말했다."
,https://n.news.naver.com/mnews/article/011/0004177132?sid=101,"'밀라노 디자인 위크 2023' 참가모오이와 협업한 올레드 TV 전시    LG전자가 이탈리아 ‘밀라노 디자인 위크 2023’에서 선보일 올레드 TV. 글로벌 가구 브랜드 모오이와 협업한 작품이다. 사진제공=LG전자[서울경제] LG전자가 이탈리아 밀라노에서 열리는 '밀라노 디자인 위크 2023'에서 첨단 올레드 TV 기술을 선보인다고 10일 밝혔다.회사는 이번 전시회에서 지난해에 이어 글로벌 디자인 가구 브랜드 모오이와 협업해 최고급 생활 공간을 선보인다.LG 올레드 오브제컬렉션 포제·이젤, LG 스탠바이미, LG 엑스붐 360 스피커 등에 모오이의 고유 디자인과 무늬를 적용한 작품을 전시한다.지난 10년간 진화를 거듭한 화질, 공간과 조화로운 디자인을 갖춘 LG 올레드 TV를 통해 특별한 라이프스타일 경험을 제공한다고 회사 측은 설명했다.앞서 공간 디자인 TV인 올레드 오브제컬렉션 포제를 처음 공개한 작년 밀라노 디자인 위크 LG전자 부스에는 하루 평균 4000명이 방문할 정도로 관심을 모았다.오혜원 LG전자 HE브랜드커뮤니케이션담당 상무는 ""고객 삶에 영감을 주고, 그 자체로 작품이 되는 LG 올레드 TV를 통해 차별화된 라이프스타일 경험을 지속해서 선보일 것""이라고 말했다."
,https://n.news.naver.com/mnews/article/031/0000739867?sid=101,"최대 55km/h 속력…""울산급 호위함 대비 대공방어 능력 강화""HD현대중공업이 대한민국 해군의 최신형 호위함을 진수했다.    HD현대중공업이 대한민국 해군의 최신형 호위함을 진수했다. 사진은 충남함. [사진=해군]HD현대중공업은 10일 울산 본사에서 3천600톤급 신형 호위함 1번함인 '충남함' 진수식을 가졌다. 행사에는 한영석 부회장과 이종섭 국방부 장관, 이종호 해군참모총장, 엄동환 방위사업청장 등이 참석했다.충남함은 총 6척의 3천600톤급 신형 호위함을 건조하는 울산급 배치-III(Batch-III)의 첫 번째 함정이다. 2017년 전역한 1천500톤급 호위함인 충남함(FF-953)의 함명을 이어받았다.함정은 길이 129m, 너비 15m, 무게 3천600톤으로 최대 55km/h의 속력으로 운항할 수 있다. 360도 전방위 탐지·추적·대응이 가능한 4면 고정형 다기능 위상배열레이더를 탑재해 기존의 울산급 호위함 대비 대공방어 능력을 크게 강화했다.특히 하이브리드 추진체계 방식을 적용해 소음이 적게 발생하는 전기 추진 방식으로 잠수함의 탐지 위협에서 벗어나는 한편 유사시에는 가스터빈 추진을 이용한 고속 운항이 가능해 작전 수행 능력이 향상됐다는 평가다.이날 진수한 충남함은 시험평가와 전력화 등을 거쳐 내년 말 해군에 인도될 예정이다.주원호 HD현대중공업 특수선사업본부장은 ""방위사업청, 해군 등 유관기관과 긴밀하게 협조해 고품질의 최첨단 함정을 건조하는 등 우리나라 해군의 전력 강화에 지속적으로 기여하겠다""고 말했다."
동영상기사,https://n.news.naver.com/mnews/article/374/0000330901?sid=101,"■ 용감한 토크쇼 직설 - 신세돈 숙명여대 경제학부 명예교수, 정철진 경제평론가, 성한경 서울시립대 경제학부 교수한전채가 올해 1분기에만 8조원 넘게 발행되면서 자금시장 경색 우려가 다시 커지고 있습니다. 한전의 경영난이 심해질 경우, 한전채 발행은 더욱 확대될 텐데요. 해법은 요금 인상이란 것을 누구나 알고 있지만, 지난겨울 '난방비 폭탄'을 한 차례 겪은 뒤라 쉽지 않습니다. 한전채 리스크 이대로 괜찮은지, 지금부터 이야기 나눠보겠습니다. 숙명여대 경제학부 신세돈 명예교수, 정철진 경제평론가, 서울시립대 경제학부 성한경 교수 나오셨습니다. Q. 정부는 지난해 말 발표한 올해 경제정책방향서 한전채 발행 규모가 지난해 29조원의 3분의 1 수준이 될 것이라고 전망했습니다. 하지만 1분기에만 벌써 8조원 넘게 발행이 된 건데요. 한전채 발행량 증가 속도가 정부 계획보다 너무 빠른 것 아닌가요?Q. 한전채는 일반 회사채와 달리 정부가 지급 보증합니다. 여기에 금리도 높은 수준인데요. 그러다 보니 투자자 입장에서 기업 회사채가 아닌 한전채로 쏠릴 수밖에 없습니다. 그런데 김주현 금융위원장은 “한전채가 늘어도 소화될 것”으로 내다봤습니다. 지난해와 같은 회사채 시장 경색이 벌어지지 않을까요?Q. 회사채 수요 예측에서 신세계건설, 효성화학 등은 대거 미달이 발생했습니다. 그러다 보니 아예 CP, 즉 기업어음으로 눈을 돌리는 경우도 늘어나고 있는데요. 기업어음은 만기가 빨리 돌아와 유동성이 악화될 우려가 있지 않나요? Q. 3월엔 3%대 중반까지 내려갔던 한전채 금리가 최근 다시 4% 중반까지 올랐습니다. 여기에 한전채는 회사채와 마찬가지로 3개월마다 이자를 지급하는데요. 결국, 국민이 전기요금으로든, 한전채 이자로든 한전의 적자를 부담하고 있는 것 아닌가요?  Q. 미국 실리콘밸리은행 등으로 각종 채권 금리가 떨어지면서 시중은행의 금리도 많이 낮아졌는데요. 한전채 등으로 채권에 돈이 몰리게 되면, 은행들도 금리를 다시 올리지 않을까요?Q. 2분기 전기요금과 가스요금 인상이 잠정 보류가 됐습니다. 지지율 하락을 우려한 정치권의 입김이 작용한 건데요. 그런데 요금 인상 미룰수록 국민 부담이 더 커지는 구조 아닌가요?Q. 한전의 누적 적자를 해소하기 위해선 전기요금 인상은 불가피한데요. 하지만 정부 입장에선 국민 부담도 고려하지 않을 수 없습니다. 전기요금 인상폭, 어느 정도가 적정할까요? Q. 가계의 요금 인상 부담을 줄이는 방안으로 에너지절약 인센티브도 거론되고 있는데요. 전기 사용량 감소와 가계부담 완화라는 두마리 토끼를 잡을 수 있을까요? Q. 에너지 요금 인상이 논의될 때마다 정치권 공방이 이어지다 보니 적기를 놓칠 때도 많은데요. 에너지 요금을 전문적으로 다룰 수 있게 독립적인 기관이 필요하지 않을까요?Q. 감사원이 한국에너지공과대, 일명 한전공대 설립 적법성 감사에 들어갔습니다. 한전공대는 지난 문재인 정부에서 국정과제로 한국전력이 자금을 출연해 세운 학교인데요. 이 한전공대의 설립과 운영비는 한전을 비롯한 전력그룹사가 맡고 있습니다. 만년 적자 한전이 한전공대를 책임지는 것이 맞습니까?Q. 한국전력의 주가는 지난 2016년 5월엔 6만4천원에 육박했었지만, 현재는 1만8천원대에 머물고 있는데요. 시총만 30조원이 사라졌습니다. 결국 이 손해도 국민이 져야 하는 상황 아닌가요?(자세한 내용은 동영상을 시청하시기 바랍니다.)당신의 제보가 뉴스로 만들어집니다.SBS Biz는 여러분의 제보를 기다리고 있습니다.홈페이지 = https://url.kr/9pghjn"
,https://n.news.naver.com/mnews/article/001/0013869757?sid=101,"(용인=연합뉴스) 최해민 기자 = 경기 용인시는 오는 17일부터 19일까지 관내 매입임대주택 160호에 대한 입주자를 모집한다고 10일 밝혔다.    용인시청사[용인시 제공. 재판매 및 DB 금지]    매입임대주택은 한국토지주택공사(LH)가 다세대 주택 등을 매입해 시세의 30% 수준으로 저렴하게 임대하는 사업이다.    입주자는 2년간 계약한 후 재계약 요건을 충족하면 최장 20년간 거주할 수 있다.    신청 자격은 지난 5일 기준 관내에 거주 중인 무주택 가구 구성원으로, 1순위는 ▲ 생계·의료 수급자, 법정 한부모가족 ▲ 주거지원 시급 가구 ▲ 가구원수별 월평균 소득 70%(1인 가구 기준 301만8천496원) 이하 장애인 ▲ 저소득 고령자 등이다.    2순위는 ▲ 가구원수별 월평균 소득 50%(1인 가구 기준 234만7천719원) 이하 주민 ▲ 가구원수별 월평균 소득 100%(1인 가구 기준 402만4661원) 이하 등록 장애인 등이다.    입주 희망자는 모집 기간 주민등록지 행정복지센터를 방문해서 신청하면 된다.    입주 대상자는 LH가 접수일로부터 약 3개월 후 개별 통보한다.    goals@yna.co.kr"
,https://n.news.naver.com/mnews/article/001/0013869756?sid=101,"'하나의 중국' 원칙 강조하되 미국의 대중 압박 풀기 포석中, 격한 군사훈련으로 대만에 반중정서 조성 우려한 기색(서울=연합뉴스) 인교준 기자 = 중국이 대만을 겨냥한 이번 군사훈련을 통해 차이잉원 대만 총통과 집권 민주진보당(민진당)에 경고 메시지를 날리면서도 평화주의 행보를 과시하는 데 초점을 맞추고 있다고 미국 월스트리트저널(WSJ)이 10일 분석했다.    에마뉘엘 마크롱 프랑스 대통령과 시진핑 중국 국가주석    (AP=연합뉴스) 6일(현지시간) 중국 수도 베이징에서 회담한 에마뉘엘 마크롱 프랑스 대통령과 시진핑 중국 국가주석. photo@yna.co.kr. 2023.04.06    우선 시진핑 중국 국가주석으로선 차이 총통이 케빈 매카시 미 하원의장과의 회동을 강행함으로써 '하나의 중국' 원칙을 훼손했기 때문에 이를 용납할 수 없다는 메시지 전달이 중요하다. 따라서 그의 입장에서는 일정 수준의 군사적 행동이 불가피하다.    그러나 미국의 강력한 정치·외교·군사·경제적 포위와 압박에 맞서야 하는 상황에서 근래 평화주의 행보를 강화하는 시 주석으로선 대만 상대 군사훈련의 강도를 조절할 수밖에 없다는 것이다.    사실 작년 8월 2∼3일 낸시 펠로시 미 하원의장의 대만 방문 직후인 4일부터 중국군이 실시했던 군사훈련과 비교하면 이번 훈련은 강도가 약하다는 지적이 나온다.    당시 1차 훈련 때 중국군은 대만 상공을 지나는 탄도미사일을 발사했는가 하면 사실상 대만 침공을 염두에 두고 대만 주변 해역을 거의 봉쇄한 채 실탄사격 훈련을 이어갔다.     유사시 미군의 대만 진입을 차단하는 훈련과 함께 군함과 항공기의 수시 진입으로 대만해협 중간선 무력화에 주력했다.     일주일간의 군사적 위협 훈련을 하고도 성이 차지 않았던 중국은 그 이후 수개월간 대만해협에서 간헐적인 무력시위를 지속했다.    그러나 당시에 비하면 이번에는 대체로 강도가 약해 보인다.    중국은 차이 총통이 미국을 경유해 중미 과테말라·벨리즈 방문을 마치고 귀국한 직후인 지난 7일 중국 푸젠성 해사국 성명을 통해 8일부터 사흘간 군사훈련을 예고했다. 이대로라면 1차 훈련 때 일주일과 비교하면 군사훈련 기간이 절반에도 못 미친다.    8일 군용기 71대와 군함 9척을 동원해 대만 주변에서 무력시위를 한 데 이어 9일에도 비슷한 수준의 군용기와 군함으로 군사훈련을 했으나, 아직 인민해방군 산하 로켓군의 활동은 포착되지 않고 있다. 실탄사격 훈련 빈도수가 적다.    WSJ은 ""중국이 공격적인 무력 과시를 미루고 있다""고 짚었다.    회담하는 매카시 美 하원의장과 차이잉원 대만 총통차이잉원 대만 총통(왼쪽)이 지난 5일(현지시간) 미국 캘리포니아주 시미밸리의 로널드 레이건 대통령 도서관에서 미국 의전 서열 3위인 케빈 매카시 하원의장과 회담하고 있다. 지난달 29일부터 9박 10일 일정으로 중앙아메리카 2개국인 콰테말라와 벨리즈를 순방한 차이 총통은 귀국길에 캘리포니아를 들렀다. 2023.04.10[로이터 연합뉴스 자료사진. 재판매 및 DB 금지]    이런 가운데 중국의 이 같은 제스처는 미국이 유럽·일본·호주 등의 우방과 함께 조여오는 대중 압박에서 벗어나려는 전략의 일환이라는 지적이 나온다.    실제 중국은 지난달 19일 자국의 중재로 숙적이었던 사우디아라비아와 이란 간 국교를 복원한 사실을 공개해 세계를 놀라게 했다. 불구대천의 앙숙으로 여겨졌던 양국을 중국이 나서 화해시킨 것으로 평가됐다.    같은 달 시 주석은 러시아를 방문해 블라디미르 푸틴 대통령과 정상회담을 갖고, 우크라이나 전쟁 중재 의지를 피력했다. 이어 조만간 볼로디미르 젤렌스키 우크라이나 대통령을 접촉할 계획이다.     시 주석은 이런 노력을 통한 중재의 성과를 갖고서 조 바이든 미 대통령을 만나 중국의 '바뀐 위상'을 확인시키고, 실리를 챙길 구상을 하고 있어 보인다.     중국은 근래 세계 평화의 중재자로서의 '시진핑 이미지'를 만드는 데 주력하고 있다.    WSJ은 중국이 대만 겨냥 2차 군사훈련을 시작하기 이틀 전인 지난 6일 사우디아라비아와 이란 외교장관을 베이징으로 초청해 회담을 주선해 양국의 관계 정상화 합의 후 이행 조치를 논의하는 자리를 제공한 점을 눈여겨볼 필요가 있다고 짚었다.        같은 날 에마뉘엘 마크롱 프랑스 대통령과 우르줄라 폰데어라이엔 유럽연합(EU) 집행위원장이 중국을 방문했다. 시 주석은 마크롱 대통령과의 두차례 정상회담을 통해 러시아·우크라이나 전쟁 중재 의지를 강조하면서 경제적 협력을 구체화했다.     시 주석으로선 유럽의 중심축이라고 할 프랑스와의 관계 강화로, 미국의 대중 공격 포위망을 약화하는 성과를 챙기면서 평화주의자로서 위상을 한층 강화했다는 평가를 받고 있다.    WSJ은 ""중국이 외교적인 모멘텀을 유지하면서 미국에 대항하는 균형추로서 자리매김하려는 의도를 분명히 하고 있다""고 지적했다.    중국군 대만 정밀타격 시뮬레이션[CCTV 화면 캡처]    이 신문은 이어 중국의 이번 두 마리 토끼 잡기 행보는 내년 1월로 예정된 대만 총통 선거를 염두에 둔 것으로 보인다는 분석도 곁들였다.    격한 군사적 위협을 할 경우 대만에 반중 정서를 불러일으켜 여당의 유력 후보인 라이청더 부총통 겸 민진당 주석을 유리하게 할 수 있다고 보고 자제하고 있다는 것이다.    중국은 내년 총통선거에서 친중 세력인 국민당 집권을 전적으로 지원하고 있다.    중국은 차이 총통의 중미 방문을 앞두고 온두라스의 대만 단교를 성사해 집권 민진당의 외교 무능력을 부각했고, 마잉주 전 대만 총통의 방중을 기획해 대만에 중국과의 일체감을 확산시킴으로써 민진당을 곤혹스럽게 했다.    kjihn@yna.co.kr"
,https://n.news.naver.com/mnews/article/003/0011793400?sid=101,"기사내용 요약본사가 직접 표준화 된 체계로 진행기존매출 규모 등 검토후 양수 결정    [서울=뉴시스] 코리아런드리, '워시엔조이' 양도양수 창업 프로그램 이미지. (사진=코리아런드리 제공) 2023.04.10. photo@newsis.com[서울=뉴시스]이수정 기자 = 무인 점포운영솔루션 전문기업 코리아런드리의 셀프 무인 세탁소 브랜드 '워시엔조이'가 양도양수 창업 프로그램을 선보인다고 10일 밝혔다. 워시엔조이의 양도양수 창업 프로그램은 양도를 원하는 기존 점주가 본사에 양도양수 의뢰를 접수하면 본사가 현장 실사를 통한 장비 점검 후 양도 점포의 정보를 취합해 양수자를 연결하는 식으로 진행된다. 기존 양도양수의 경우 지역 부동산이나 커뮤니티 등을 통해 이뤄져 금전거래 피해 우려가 있었으나 이번 양도양수 창업 프로그램은 본사가 직접 표준화 된 체계로 진행해 불합리한 부분을 개선했다는 설명이다. 예비창업자 및 인수자는 이번 양도양수 창업 프로그램을 통해 등록 매물의 상권과 적정한 권리금 산정 여부, 기존 매출 규모, 운영형태·관리 등을 검토한 후 양수를 결정할 수 있다."
,https://n.news.naver.com/mnews/article/277/0005243141?sid=101,김주현 금융위원회 위원장이 10일 서울 마포구 프론트원에서 열린 '벤처기업 금융지원 간담회'에 참석해 모두발언 하고 있다.
